name	asv_id	betweenness	color	taxon	ASV_color	genus_name	genus_color	family_name	family_color	order_name	order_color	class_name	class_color	phylum_name	phylum_color
149	03172d047de19fbd134c34b1da69c9f8	0.0237456732723514	#8A8AE6	d__Bacteria; p__Bacillota_I; c__Bacilli_A; o__Bacillales_D; f__Amphibacillaceae	#B9AADC	Unknown	#555555	Amphibacillaceae	#FF3B73	Bacillales_D	#FB4070	Bacilli_A	#BB8722	Bacillota_I	#B6860D
455	094226930fb6d71f02c7b6124105e94b	0.00982818992118553	#8A8AE6	d__Bacteria; p__Bacillota_I; c__Bacilli_A; o__Bacillales_B_306089; f__Bacillaceae_H_294103; g__Bacillus_P_294101	#FB73A5	Bacillus_P_294101	#D100A2	Bacillaceae_H_294103	#F13BBE	Bacillales_B_306089	#CA6575	Bacilli_A	#BB8722	Bacillota_I	#B6860D
589	0bfa03f19d0e7a70cee347f2d8677b00	0.0145810738480242	#8AE68A	d__Bacteria; p__Actinomycetota; c__Actinomycetes; o__Mycobacteriales; f__Mycobacteriaceae; g__Corynebacterium	#FFCE26	Corynebacterium	#264B49	Mycobacteriaceae	#324747	Mycobacteriales	#455C5C	Actinomycetes	#1C4549	Actinomycetota	#0D650D
647	0d4f8c7adeb1a4f9347c6b77a8b3f5f8	0.0113721039991046	#8AE68A	d__Bacteria; p__Bacillota_A_368345; c__Clostridia_258483; o__Lachnospirales; f__Lachnospiraceae; g__Blautia_A_142742; s__	#FD1698	Blautia_A_142742	#BF3D16	Lachnospiraceae	#9F81CB	Lachnospirales	#907CAF	Clostridia_258483	#A42A2A	Bacillota_A_368345	#980D16
655	0d8cfebb1a306a616fcb0b57b4f283b7	0.0184342724616063	#8A8AE6	d__Bacteria; p__Actinomycetota; c__Actinomycetes; o__Actinomycetales; f__Actinomycetaceae; g__Scrofimicrobium; s__Scrofimicrobium canadense	#3D3D8C	Scrofimicrobium	#A38B7F	Actinomycetaceae	#6E5563	Actinomycetales	#0DA200	Actinomycetes	#1C4549	Actinomycetota	#0D650D
664	0dae7f027dcb4343cccfdc3e9f3af153	0.0227896575075646	#8AE68A	d__Bacteria; p__Bacillota_A_368345; c__Clostridia_258483; o__Tissierellales; f__Sedimentibacteraceae; g__Sedimentibacter; s__Sedimentibacter hydroxybenzoicus	#D88DFB	Sedimentibacter	#0084B6	Sedimentibacteraceae	#FB3856	Tissierellales	#6A00A5	Clostridia_258483	#A42A2A	Bacillota_A_368345	#980D16
692	0e3c256f733f8976de04a25593cc6bf9	0.197201016556222	#E68A8A	d__Bacteria; p__Bacillota_A_368345; c__Clostridia_258483; o__Oscillospirales; f__Oscillospiraceae_88309	#795526	Unknown	#555555	Oscillospiraceae_88309	#A122E2	Oscillospirales	#B673E4	Clostridia_258483	#A42A2A	Bacillota_A_368345	#980D16
880	11addefd8df52115701b0fcfe23646c2	0.0040594121318931	#8A8AE6	d__Bacteria; p__Actinomycetota; c__Actinomycetes; o__Actinomycetales; f__Micrococcaceae; g__Enteractinococcus; s__Enteractinococcus coprophilus	#FD00E0	Enteractinococcus	#D053C7	Micrococcaceae	#72166C	Actinomycetales	#0DA200	Actinomycetes	#1C4549	Actinomycetota	#0D650D
957	136c7191e0643043625a1268129bac61	0.0136947797898405	#8AE68A	d__Bacteria; p__Fusobacteriota; c__Fusobacteriia; o__Fusobacteriales; f__Fusobacteriaceae; g__Fusobacterium_A	#FA0062	Fusobacterium_A	#948389	Fusobacteriaceae	#9849A5	Fusobacteriales	#7690A5	Fusobacteriia	#1CA191	Fusobacteriota	#BE6DDF
1467	1d5c469bc3a0da4471c67e502fa56e36	0.0142171218096282	#8AE68A	d__Bacteria; p__Bacillota_A_368345; c__Clostridia_258483; o__Eubacteriales; f__Eubacteriaceae; g__Eubacterium_O_258270	#FC2E16	Eubacterium_O_258270	#AE6277	Eubacteriaceae	#002AAD	Eubacteriales	#621660	Clostridia_258483	#A42A2A	Bacillota_A_368345	#980D16
1593	1fe3f1bfd255619b3db537a8c88130d4	0.00204494781914804	#8A8AE6	d__Bacteria; p__Actinomycetota; c__Actinomycetes; o__Mycobacteriales; f__Mycobacteriaceae; g__Corynebacterium; s__Corynebacterium stationis	#2AFE26	Corynebacterium	#264B49	Mycobacteriaceae	#324747	Mycobacteriales	#455C5C	Actinomycetes	#1C4549	Actinomycetota	#0D650D
1715	228ae07feb0040900651f7580168bd27	0.00351118746946948	#8A8AE6	d__Bacteria; p__Bacillota_I; c__Bacilli_A; o__Erysipelotrichales; f__Coprobacillaceae; g__Thomasclavelia; s__Thomasclavelia ramosa	#B4E8FD	Thomasclavelia	#4F266C	Coprobacillaceae	#353869	Erysipelotrichales	#9475FB	Bacilli_A	#BB8722	Bacillota_I	#B6860D
1763	236aa9c31de795e40a417cd58e8f9619	0	#E68A8A	d__Bacteria; p__Bacillota_A_368345; c__Clostridia_258483; o__Lachnospirales; f__Lachnospiraceae	#A81CFE	Unknown	#555555	Lachnospiraceae	#9F81CB	Lachnospirales	#907CAF	Clostridia_258483	#A42A2A	Bacillota_A_368345	#980D16
1837	250bc8277ae93baf8767deca44149418	0.000549774370570506	#8A8AE6	d__Bacteria; p__Bacillota_I; c__Bacilli_A; o__Bacillales_A; f__Planococcaceae; g__Sporosarcina; s__Sporosarcina ureilytica	#FDA495	Sporosarcina	#6885AA	Planococcaceae	#9455C3	Bacillales_A	#637158	Bacilli_A	#BB8722	Bacillota_I	#B6860D
1967	27b4bf43c4374efaf423108a0099e79a	0.00799395655676266	#8A8AE6	d__Bacteria; p__Pseudomonadota; c__Gammaproteobacteria; o__Pseudomonadales_A_650611; f__Pseudomonadaceae; g__Halopseudomonas_650606; s__Halopseudomonas formosensis	#86A362	Halopseudomonas_650606	#606A32	Pseudomonadaceae	#6A727D	Pseudomonadales_A_650611	#6D5F4F	Gammaproteobacteria	#CB72AF	Pseudomonadota	#A916FF
1970	27bbeb5ba76402142c02f75a17004f43	0.00130590560274932	#8A8AE6	d__Bacteria; p__Bacillota_A_368345; c__Clostridia_258483; o__Lachnospirales; f__Lachnospiraceae; g__Lacrimispora	#16FAB3	Lacrimispora	#AA71C2	Lachnospiraceae	#9F81CB	Lachnospirales	#907CAF	Clostridia_258483	#A42A2A	Bacillota_A_368345	#980D16
2002	2892f46388f6758c561d38afb6f769b7	0.0306369360332263	#8AE68A	d__Bacteria; p__Bacillota_A_368345; c__Clostridia_258483; o__Tissierellales; f__Peptoniphilaceae; g__Anaerococcus; s__Anaerococcus nagyae	#F98A16	Anaerococcus	#9E0056	Peptoniphilaceae	#512A53	Tissierellales	#6A00A5	Clostridia_258483	#A42A2A	Bacillota_A_368345	#980D16
2067	29f43893cd9d09212893f97e6bb415c3	0.00157262731074913	#8A8AE6	d__Bacteria; p__Desulfobacterota_G_459543; c__Desulfovibrionia; o__Desulfovibrionales; f__Desulfovibrionaceae; g__Desulfovibrio_446353; s__Desulfovibrio sp900243745	#CCDCD7	Desulfovibrio_446353	#357F4B	Desulfovibrionaceae	#62703D	Desulfovibrionales	#4F163B	Desulfovibrionia	#AD8694	Desulfobacterota_G_459543	#CD7562
2170	2c2018d4ecccfa3cb27b99a04c9222b1	0.00242858026613929	#8A8AE6	d__Bacteria; p__Bacteroidota; c__Bacteroidia; o__Bacteroidales; f__Bacteroidaceae; g__Bacteroides_H_857956	#F37966	Bacteroides_H_857956	#970086	Bacteroidaceae	#A48D5F	Bacteroidales	#F05C00	Bacteroidia	#FF00E9	Bacteroidota	#2E1682
2217	2cedfeac0edf24cce6d2d9377284151e	0	#E68A8A	d__Bacteria; p__Bacillota_I; c__Bacilli_A; o__Bacillales_D; f__Amphibacillaceae	#B9AADC	Unknown	#555555	Amphibacillaceae	#FF3B73	Bacillales_D	#FB4070	Bacilli_A	#BB8722	Bacillota_I	#B6860D
2450	313aec37577cdcd2b0ffd21d43eb69ac	0.00482997924085169	#8A8AE6	d__Bacteria; p__Actinomycetota; c__Actinomycetes; o__Actinomycetales; f__Actinomycetaceae; g__Scrofimicrobium	#972222	Scrofimicrobium	#A38B7F	Actinomycetaceae	#6E5563	Actinomycetales	#0DA200	Actinomycetes	#1C4549	Actinomycetota	#0D650D
2559	338542bf1812ae7f592833126884367a	0.0737693460582134	#8A8AE6	d__Bacteria; p__Bacillota_I; c__Bacilli_A; o__Paenibacillales; f__Paenibacillaceae_367444; g__Paenibacillus_T_364413; s__Paenibacillus_T_364413 montaniterrae	#4226FB	Paenibacillus_T_364413	#EA636D	Paenibacillaceae_367444	#496288	Paenibacillales	#6271C2	Bacilli_A	#BB8722	Bacillota_I	#B6860D
2735	37066499498c7448546760f781ebcbae	0.0037982203811718	#8AE68A	d__Bacteria; p__Bacillota_I; c__Bacilli_A; o__Bacillales_D; f__Amphibacillaceae; g__Virgibacillus_B_287557; s__Virgibacillus_B_287557 alimentarius	#C08216	Virgibacillus_B_287557	#C22275	Amphibacillaceae	#FF3B73	Bacillales_D	#FB4070	Bacilli_A	#BB8722	Bacillota_I	#B6860D
2843	392aa3c45e128c7432f91b3de84541f6	0.00942833979175372	#8A8AE6	d__Bacteria; p__Bacillota_A_368345; c__Clostridia_258483; o__Lachnospirales; f__Lachnospiraceae; g__Enterocloster	#A33D86	Enterocloster	#A184BD	Lachnospiraceae	#9F81CB	Lachnospirales	#907CAF	Clostridia_258483	#A42A2A	Bacillota_A_368345	#980D16
2893	3a6b6eaabaee9f111ba41af0866179ef	0.0784606208307846	#8A8AE6	d__Bacteria; p__Actinomycetota; c__Actinomycetes; o__Actinomycetales; f__Actinomycetaceae; g__Scrofimicrobium; s__Scrofimicrobium canadense	#3D3D8C	Scrofimicrobium	#A38B7F	Actinomycetaceae	#6E5563	Actinomycetales	#0DA200	Actinomycetes	#1C4549	Actinomycetota	#0D650D
2921	3b332fab259d8f243b936a938c0b5884	0.0517698590250283	#8AE68A	d__Bacteria; p__Bacillota_I; c__Bacilli_A; o__Lactobacillales; f__Lactobacillaceae; g__Secundilactobacillus	#E12AA6	Secundilactobacillus	#4D684F	Lactobacillaceae	#FF00F0	Lactobacillales	#B7850D	Bacilli_A	#BB8722	Bacillota_I	#B6860D
3046	3d5e805f6f02e7f0ef4491898c72176b	0.0180833358019532	#8A8AE6	d__Bacteria; p__Bacillota_I; c__Bacilli_A; o__Lactobacillales; f__Carnobacteriaceae; g__Atopostipes; s__Atopostipes suicloacalis	#954555	Atopostipes	#268058	Carnobacteriaceae	#4900D3	Lactobacillales	#B7850D	Bacilli_A	#BB8722	Bacillota_I	#B6860D
3228	417ce45f57337958a86a300b0524eed9	0.00709926195085898	#8A8AE6	d__Bacteria; p__Pseudomonadota; c__Alphaproteobacteria; o__RF32; f__CAG-239; g__CAJLXD01; s__	#7CB238	CAJLXD01	#D75DBB	CAG-239	#0D7EC3	RF32	#808AD1	Alphaproteobacteria	#980DFE	Pseudomonadota	#A916FF
3332	43cd8b48d40b39441be11d2ce9cc4299	0.00989496595975332	#8AE68A	d__Bacteria; p__Bacillota_A_368345; c__Clostridia_258483; o__Lachnospirales; f__Lachnospiraceae	#A81CFE	Unknown	#555555	Lachnospiraceae	#9F81CB	Lachnospirales	#907CAF	Clostridia_258483	#A42A2A	Bacillota_A_368345	#980D16
3453	464a52deb6e8c4e2b57d980a8d18f04c	0	#E68A8A	d__Bacteria; p__Bacillota_A_368345; c__Clostridia_258483; o__Peptostreptococcales; f__Peptostreptococcaceae_256921; g__Romboutsia_B; s__Romboutsia_B ilealis	#55848B	Romboutsia_B	#BA6588	Peptostreptococcaceae_256921	#7F88E6	Peptostreptococcales	#EF605D	Clostridia_258483	#A42A2A	Bacillota_A_368345	#980D16
3581	4968fb5752ff6417e1b47209b05db027	0.0238082441117111	#8A8AE6	d__Bacteria; p__Myxococcota_A_473307; c__Polyangia_463783; o__Polyangiales; f__SG8-38; g__; s__	#1675C4	Unknown	#555555	SG8-38	#B31C73	Polyangiales	#0DA266	Polyangia_463783	#B00071	Myxococcota_A_473307	#9589B1
3606	49fc1baff761bf9d357844d43cd138ed	0.0044706408037532	#8A8AE6	d__Bacteria; p__Bacillota_I; c__Bacilli_A; o__Lactobacillales; f__Enterococcaceae; g__Enterococcus_A	#A700AF	Enterococcus_A	#662A77	Enterococcaceae	#1C5316	Lactobacillales	#B7850D	Bacilli_A	#BB8722	Bacillota_I	#B6860D
3627	4a476e35606f9e5812e6d82e10535938	0.0289752966083862	#E68A8A	d__Bacteria; p__Bacteroidota; c__Bacteroidia; o__Bacteroidales	#A0F69A	Unknown	#555555	Unknown	#555555	Bacteroidales	#F05C00	Bacteroidia	#FF00E9	Bacteroidota	#2E1682
3826	4e445178e20e89871b6459c52dcde954	0	#E68A8A	d__Bacteria; p__Actinomycetota; c__Actinomycetes; o__Mycobacteriales; f__Mycobacteriaceae; g__Corynebacterium; s__Corynebacterium amycolatum_A	#1CF3FD	Corynebacterium	#264B49	Mycobacteriaceae	#324747	Mycobacteriales	#455C5C	Actinomycetes	#1C4549	Actinomycetota	#0D650D
3888	4fc1bbccb64ed14c4cc29ae5c718eaad	0.0765245117901327	#8AE68A	d__Bacteria; p__Bacillota_A_368345; c__Clostridia_258483; o__Oscillospirales; f__Acutalibacteraceae; g__Scatolibacter; s__Scatolibacter rhodanostii	#C4EE58	Scatolibacter	#C85FF5	Acutalibacteraceae	#990DB6	Oscillospirales	#B673E4	Clostridia_258483	#A42A2A	Bacillota_A_368345	#980D16
3971	5172b3bed3cdf723c920699cf32f3356	0.00322081962829506	#8A8AE6	d__Bacteria; p__Bacillota_I; c__Bacilli_A; o__Bacillales_D; f__Amphibacillaceae; g__Oceanobacillus_287537; s__Oceanobacillus indicireducens	#E745FF	Oceanobacillus_287537	#00699A	Amphibacillaceae	#FF3B73	Bacillales_D	#FB4070	Bacilli_A	#BB8722	Bacillota_I	#B6860D
3990	51e441cbdcc80da0656e82293ae160b5	0.0206795479114214	#8AE68A	d__Bacteria; p__Bacteroidota; c__Bacteroidia; o__Bacteroidales; f__Bacteroidaceae; g__Bacteroides_H_857956	#F37966	Bacteroides_H_857956	#970086	Bacteroidaceae	#A48D5F	Bacteroidales	#F05C00	Bacteroidia	#FF00E9	Bacteroidota	#2E1682
4007	5254ac813be63944a9cba4c95799b15c	0.00127765358104757	#8AE68A	d__Bacteria; p__Bacteroidota; c__Bacteroidia; o__Bacteroidales; f__Dysgonomonadaceae; g__; s__	#1673A0	Unknown	#555555	Dysgonomonadaceae	#226EAF	Bacteroidales	#F05C00	Bacteroidia	#FF00E9	Bacteroidota	#2E1682
4040	52e59244952b2a15ad53ac8979c8b575	0.013361095944332	#8A8AE6	d__Bacteria; p__Bacillota_I; c__Bacilli_A; o__Bacillales_D; f__Amphibacillaceae; g__Amphibacillus_B	#32B41C	Amphibacillus_B	#978D71	Amphibacillaceae	#FF3B73	Bacillales_D	#FB4070	Bacilli_A	#BB8722	Bacillota_I	#B6860D
4581	5d3a321083beddaaa47042974beaae8f	0.0136231065424229	#8A8AE6	d__Bacteria; p__Bacillota_I; c__Bacilli_A; o__Bacillales_D; f__Amphibacillaceae	#B9AADC	Unknown	#555555	Amphibacillaceae	#FF3B73	Bacillales_D	#FB4070	Bacilli_A	#BB8722	Bacillota_I	#B6860D
5208	69a95a431d86566fd7520a966d10bb17	0.00967860406716236	#8AE68A	d__Bacteria; p__Bacillota_A_368345; c__Clostridia_258483; o__Peptostreptococcales; f__Peptostreptococcaceae_256921; g__; s__Eubacterium tenue	#2681FF	Unknown	#555555	Peptostreptococcaceae_256921	#7F88E6	Peptostreptococcales	#EF605D	Clostridia_258483	#A42A2A	Bacillota_A_368345	#980D16
5233	6a0bbfe5241c80e0f4e91b06fe4715c7	0	#E68A8A	d__Bacteria; p__Bacillota_A_368345; c__Clostridia_258483; o__Clostridiales; f__Clostridiaceae_222000; g__Clostridium_T	#FAD5DD	Clostridium_T	#F74FA4	Clostridiaceae_222000	#D10070	Clostridiales	#604200	Clostridia_258483	#A42A2A	Bacillota_A_368345	#980D16
5492	6f52114301d2f8159e5ac714d181c5b1	0.0176595194463812	#8A8AE6	d__Bacteria; p__Bacteroidota; c__Bacteroidia; o__Bacteroidales; f__Tannerellaceae; g__Massilibacteroides; s__Massilibacteroides vaginae	#0DFD84	Massilibacteroides	#B08562	Tannerellaceae	#7E664B	Bacteroidales	#F05C00	Bacteroidia	#FF00E9	Bacteroidota	#2E1682
5528	700ac3b611462f8b2ab5a50d57612a59	0.0115770757111735	#8AE68A	d__Bacteria; p__Bacillota_I; c__Bacilli_A; o__Bacillales_D; f__Amphibacillaceae; g__Pseudogracilibacillus; s__Pseudogracilibacillus auburnensis	#FE7DE7	Pseudogracilibacillus	#844260	Amphibacillaceae	#FF3B73	Bacillales_D	#FB4070	Bacilli_A	#BB8722	Bacillota_I	#B6860D
5555	70b2e7c7f1d45f604db7b156bf61bd29	0.00348118819792969	#8AE68A	d__Bacteria; p__Bacteroidota; c__Bacteroidia; o__Bacteroidales; f__Dysgonomonadaceae; g__Dysgonomonas; s__Dysgonomonas sp001261735	#35F9DC	Dysgonomonas	#80957D	Dysgonomonadaceae	#226EAF	Bacteroidales	#F05C00	Bacteroidia	#FF00E9	Bacteroidota	#2E1682
5819	75ab6e2bf81c9bdc826128ec90694035	0	#E68A8A	d__Bacteria; p__Bacillota_I; c__Bacilli_A; o__Bacillales_H_361473; f__Bacillaceae_D_361233; g__Shouchella	#761CBB	Shouchella	#BA3287	Bacillaceae_D_361233	#0087AB	Bacillales_H_361473	#B37383	Bacilli_A	#BB8722	Bacillota_I	#B6860D
5942	78056058faedd75d706633c5f55a975f	0	#E68A8A	d__Bacteria; p__Pseudomonadota; c__Gammaproteobacteria; o__Enterobacterales_737866; f__Enterobacteriaceae_A_732334; g__Morganella	#B9009E	Morganella	#CF00B4	Enterobacteriaceae_A_732334	#0068FE	Enterobacterales_737866	#C000EA	Gammaproteobacteria	#CB72AF	Pseudomonadota	#A916FF
6007	7956001dcf85952283f2937e9b2203ba	0.00347299853236766	#8A8AE6	d__Bacteria; p__Fusobacteriota; c__Fusobacteriia; o__Fusobacteriales; f__Fusobacteriaceae; g__Fusobacterium_A; s__Fusobacterium_A ulcerans	#35B56A	Fusobacterium_A	#948389	Fusobacteriaceae	#9849A5	Fusobacteriales	#7690A5	Fusobacteriia	#1CA191	Fusobacteriota	#BE6DDF
6086	7ad30dd4fbce0bae5e03b0f577bfee4c	0	#E68A8A	d__Bacteria; p__Bacteroidota; c__Bacteroidia; o__Bacteroidales; f__Dysgonomonadaceae; g__Dysgonomonas; s__	#2E583B	Dysgonomonas	#80957D	Dysgonomonadaceae	#226EAF	Bacteroidales	#F05C00	Bacteroidia	#FF00E9	Bacteroidota	#2E1682
6096	7b0126b8e96327e866469a108cf76324	0	#E68A8A	d__Bacteria; p__Bacillota_I; c__Bacilli_A; o__Bacillales_D; f__Amphibacillaceae	#B9AADC	Unknown	#555555	Amphibacillaceae	#FF3B73	Bacillales_D	#FB4070	Bacilli_A	#BB8722	Bacillota_I	#B6860D
6246	7dfdee18c3d950afe7e07edd427624aa	0.0132146111181974	#8AE68A	d__Bacteria; p__Bacillota_I; c__Bacilli_A; o__Bacillales_D; f__Amphibacillaceae	#B9AADC	Unknown	#555555	Amphibacillaceae	#FF3B73	Bacillales_D	#FB4070	Bacilli_A	#BB8722	Bacillota_I	#B6860D
6353	7fe6237b9839dd4cdc6e2e7a76d1b3a9	0.0339684137857558	#8A8AE6	d__Bacteria; p__Bacillota_I; c__Bacilli_A; o__Lactobacillales; f__Aerococcaceae; g__Globicatella	#FBAEE6	Globicatella	#0D66D8	Aerococcaceae	#831600	Lactobacillales	#B7850D	Bacilli_A	#BB8722	Bacillota_I	#B6860D
6894	8a7ecd8f020b5b1887edfa69d2c80b29	0.0221189553800716	#8A8AE6	d__Bacteria; p__Bacteroidota; c__Bacteroidia; o__Sphingobacteriales; f__Sphingobacteriaceae; g__Sphingobacterium; s__Sphingobacterium jejuense	#A55832	Sphingobacterium	#760DFF	Sphingobacteriaceae	#FC00A4	Sphingobacteriales	#FD0032	Bacteroidia	#FF00E9	Bacteroidota	#2E1682
6909	8ab72adb75e08df15fd882c39aadf50d	0.0040903201553068	#8AE68A	d__Bacteria; p__Bacteroidota; c__Bacteroidia; o__Flavobacteriales_B_877923; f__Flavobacteriaceae; g__Flavobacterium	#3B476A	Flavobacterium	#FC0D5C	Flavobacteriaceae	#A01680	Flavobacteriales_B_877923	#912E35	Bacteroidia	#FF00E9	Bacteroidota	#2E1682
6993	8c5fbca229d77213a77734042f4f7f98	0.0145233956873462	#E68A8A	d__Bacteria; p__Bacillota_I; c__Bacilli_A; o__Bacillales_D; f__Amphibacillaceae; g__Lentibacillus_C_287047; s__	#8F920D	Lentibacillus_C_287047	#B671C7	Amphibacillaceae	#FF3B73	Bacillales_D	#FB4070	Bacilli_A	#BB8722	Bacillota_I	#B6860D
7103	8e9832686b840acfcfde1c51159f9338	0.0361798287997516	#8A8AE6	d__Bacteria; p__Pseudomonadota; c__Gammaproteobacteria; o__Cardiobacteriales; f__Wohlfahrtiimonadaceae; g__Wohlfahrtiimonas; s__	#A12263	Wohlfahrtiimonas	#D55FE6	Wohlfahrtiimonadaceae	#D840E4	Cardiobacteriales	#2E5886	Gammaproteobacteria	#CB72AF	Pseudomonadota	#A916FF
7132	8f1e011bf4bf805a8932aabec50e5f3d	0.00521785294064897	#8AE68A	d__Bacteria; p__Bacteroidota; c__Bacteroidia; o__Sphingobacteriales; f__Sphingobacteriaceae; g__Sphingobacterium	#F296B3	Sphingobacterium	#760DFF	Sphingobacteriaceae	#FC00A4	Sphingobacteriales	#FD0032	Bacteroidia	#FF00E9	Bacteroidota	#2E1682
7232	90d5a5616bf0930d99e067c8aa884b79	0	#E68A8A	d__Bacteria; p__Bacteroidota; c__Bacteroidia; o__Flavobacteriales_B_877923; f__Weeksellaceae; g__Moheibacter; s__	#B6005C	Moheibacter	#E35A32	Weeksellaceae	#FF4D1C	Flavobacteriales_B_877923	#912E35	Bacteroidia	#FF00E9	Bacteroidota	#2E1682
7977	a0d7da25d08a0eec714a2068c05f244c	0.0132579768140419	#8AE68A	d__Bacteria; p__Bacteroidota; c__Bacteroidia; o__Flavobacteriales_B_877923; f__Flavobacteriaceae; g__Flavobacterium; s__Myroides aquimaris	#C89B89	Flavobacterium	#FC0D5C	Flavobacteriaceae	#A01680	Flavobacteriales_B_877923	#912E35	Bacteroidia	#FF00E9	Bacteroidota	#2E1682
8153	a475ca84834c16f765bb6d40b064bd7f	0.0241804179912615	#E68A8A	d__Bacteria; p__Bacillota_I; c__Bacilli_A; o__MOL361; f__Turicibacteraceae; g__Turicibacter	#FD630D	Turicibacter	#B85694	Turicibacteraceae	#F416D4	MOL361	#4B66D6	Bacilli_A	#BB8722	Bacillota_I	#B6860D
8203	a586759a0e41fe261982bd56f0f2767e	0.037701215303111	#8A8AE6	d__Bacteria; p__Bacillota_I; c__Bacilli_A; o__; f__; g__; s__	#C5EDBC	Unknown	#555555	Unknown	#555555	Unknown	#555555	Bacilli_A	#BB8722	Bacillota_I	#B6860D
8223	a5d1217aa1cbc154c499796f9040d954	0	#E68A8A	d__Bacteria; p__Bacillota_I; c__Bacilli_A; o__Staphylococcales; f__Staphylococcaceae; g__Staphylococcus	#9155A3	Staphylococcus	#B6778E	Staphylococcaceae	#9D3B91	Staphylococcales	#1C90F6	Bacilli_A	#BB8722	Bacillota_I	#B6860D
8370	a8b443a03f96310339c0f8f81b72122e	0.0341739881577641	#8A8AE6	d__Bacteria; p__Pseudomonadota; c__Gammaproteobacteria; o__Burkholderiales; f__Burkholderiaceae_A_595373; g__Paenalcaligenes; s__Paenalcaligenes hermetiae	#D1EA91	Paenalcaligenes	#668CD0	Burkholderiaceae_A_595373	#53002A	Burkholderiales	#1C9ABE	Gammaproteobacteria	#CB72AF	Pseudomonadota	#A916FF
9052	b6b886ab58b5bc81f70cc0ea426a66e5	0.0145233956873462	#E68A8A	d__Bacteria; p__Actinomycetota; c__Actinomycetes; o__Actinomycetales; f__Beutenbergiaceae; g__Miniimonas; s__Miniimonas arenae	#2A6E0D	Miniimonas	#422A60	Beutenbergiaceae	#224532	Actinomycetales	#0DA200	Actinomycetes	#1C4549	Actinomycetota	#0D650D
9286	bb21cf70594b50fff63669b576ca18c1	0.0728540662427731	#E68A8A	d__Bacteria; p__Bacillota_I; c__Bacilli_A; o__Lactobacillales; f__Enterococcaceae	#94967D	Unknown	#555555	Enterococcaceae	#1C5316	Lactobacillales	#B7850D	Bacilli_A	#BB8722	Bacillota_I	#B6860D
9437	bdfdc0ace831e736f6084d490c965fdd	0.101259117638547	#8AE68A	d__Bacteria; p__Bacillota_A_368345; c__Clostridia_258483; o__Lachnospirales; f__Lachnospiraceae; g__Lacrimispora	#16FAB3	Lacrimispora	#AA71C2	Lachnospiraceae	#9F81CB	Lachnospirales	#907CAF	Clostridia_258483	#A42A2A	Bacillota_A_368345	#980D16
9455	be6882b70b9577f6ec45b9e81884bcf8	0.00127765358104757	#8AE68A	d__Bacteria; p__Bacillota_I; c__Bacilli_A; o__Bacillales_D; f__Amphibacillaceae; g__Oceanobacillus_287537	#0DAB8A	Oceanobacillus_287537	#00699A	Amphibacillaceae	#FF3B73	Bacillales_D	#FB4070	Bacilli_A	#BB8722	Bacillota_I	#B6860D
9917	c7d508c2431bf851f5778ca9916c8b41	0.0206374879106507	#8A8AE6	d__Bacteria; p__Bacteroidota; c__Bacteroidia; o__Bacteroidales; f__Dysgonomonadaceae; g__; s__	#1673A0	Unknown	#555555	Dysgonomonadaceae	#226EAF	Bacteroidales	#F05C00	Bacteroidia	#FF00E9	Bacteroidota	#2E1682
10014	c9fd53f2525306c14659a360095ae466	0.0113156371438274	#8AE68A	d__Bacteria; p__Pseudomonadota; c__Alphaproteobacteria; o__Rhizobiales_505101; f__Devosiaceae; g__Devosia_A_502124; s__	#8F66FB	Devosia_A_502124	#B67D2A	Devosiaceae	#0D2A47	Rhizobiales_505101	#8E885A	Alphaproteobacteria	#980DFE	Pseudomonadota	#A916FF
10088	cb95fe1c3a182358182b7ec890d690b4	0.0289752966083862	#E68A8A	d__Bacteria; p__Bacteroidota; c__Bacteroidia; o__Sphingobacteriales; f__Sphingobacteriaceae	#3DB8D6	Unknown	#555555	Sphingobacteriaceae	#FC00A4	Sphingobacteriales	#FD0032	Bacteroidia	#FF00E9	Bacteroidota	#2E1682
10176	cd7902b2141ac46ece63ab9ac219a72c	0.017285007097888	#8AE68A	d__Bacteria; p__Bacteroidota; c__Bacteroidia; o__Flavobacteriales_B_877923; f__Crocinitomicaceae; g__40-80; s__40-80 sp001899145	#003DBE	40-80	#C34083	Crocinitomicaceae	#9160D9	Flavobacteriales_B_877923	#912E35	Bacteroidia	#FF00E9	Bacteroidota	#2E1682
10207	cdf3ee1fc7965579ba2519e0aac9e311	0.0285727715794395	#8A8AE6	d__Bacteria; p__Bacillota_I; c__Bacilli_A; o__Bacillales_B_306087; f__Bacillaceae_C_302577; g__Lederbergia_A_302195; s__Lederbergia_A_302195 graminis	#FDDCA4	Lederbergia_A_302195	#F4560D	Bacillaceae_C_302577	#0D9E7D	Bacillales_B_306087	#6A9856	Bacilli_A	#BB8722	Bacillota_I	#B6860D
10425	d23fbef2f31d48eda40876cdbc49933a	0	#8AE68A	d__Bacteria; p__Bacillota_I; c__Bacilli_A; o__Staphylococcales; f__Staphylococcaceae; g__Staphylococcus	#9155A3	Staphylococcus	#B6778E	Staphylococcaceae	#9D3B91	Staphylococcales	#1C90F6	Bacilli_A	#BB8722	Bacillota_I	#B6860D
10664	d73835da51464de444e732fe62aec643	0.0493353665765154	#8AE68A	d__Bacteria; p__Bacillota_I; c__Bacilli_A; o__Bacillales_B_306089; f__Bacillaceae_H_294103; g__Bacillus_P_294101	#FB73A5	Bacillus_P_294101	#D100A2	Bacillaceae_H_294103	#F13BBE	Bacillales_B_306089	#CA6575	Bacilli_A	#BB8722	Bacillota_I	#B6860D
11011	ddc522730e2b25acd5021eaa7f43a389	0.00760019371708617	#8A8AE6	d__Bacteria; p__Bacteroidota; c__Bacteroidia; o__Bacteroidales; f__Dysgonomonadaceae; g__Dysgonomonas; s__Dysgonomonas alginatilytica	#97F600	Dysgonomonas	#80957D	Dysgonomonadaceae	#226EAF	Bacteroidales	#F05C00	Bacteroidia	#FF00E9	Bacteroidota	#2E1682
11220	e1b7fe7da620db3e011f84eea4bcb9a8	0.0220779640677733	#8AE68A	d__Bacteria; p__Bacteroidota; c__Bacteroidia; o__Bacteroidales; f__Dysgonomonadaceae; g__Dysgonomonas; s__Dysgonomonas gadei	#EBE269	Dysgonomonas	#80957D	Dysgonomonadaceae	#226EAF	Bacteroidales	#F05C00	Bacteroidia	#FF00E9	Bacteroidota	#2E1682
11276	e2c82b8f287cf06e42982508eb460933	0.00158361531584485	#8AE68A	d__Bacteria; p__Bacillota_I; c__Bacilli_A; o__Lactobacillales; f__Lactobacillaceae; g__Companilactobacillus	#928DF3	Companilactobacillus	#CA16BE	Lactobacillaceae	#FF00F0	Lactobacillales	#B7850D	Bacilli_A	#BB8722	Bacillota_I	#B6860D
11390	e5413f67faa6b8c0c3e63e48836c0b42	0.00100543335601852	#8AE68A	d__Bacteria; p__Bacillota_C; c__Negativicutes; o__Acidaminococcales; f__Acidaminococcaceae; g__Phascolarctobacterium_A_40086; s__Phascolarctobacterium_A_40086 faecium	#75BEFF	Phascolarctobacterium_A_40086	#8E1C8D	Acidaminococcaceae	#B670EF	Acidaminococcales	#802240	Negativicutes	#9D4F1C	Bacillota_C	#4900CE
12131	f305107023cc1aaa0b17f190203c7fc6	0.0132146111181974	#8AE68A	d__Bacteria; p__Bacteroidota; c__Bacteroidia; o__Bacteroidales; f__Dysgonomonadaceae; g__Dysgonomonas; s__	#2E583B	Dysgonomonas	#80957D	Dysgonomonadaceae	#226EAF	Bacteroidales	#F05C00	Bacteroidia	#FF00E9	Bacteroidota	#2E1682
12239	f52d9af1a9ab42e9507025f371b3b073	0.0267469331914003	#8A8AE6	d__Bacteria; p__Bacteroidota; c__Bacteroidia; o__Bacteroidales; f__Dysgonomonadaceae; g__; s__	#1673A0	Unknown	#555555	Dysgonomonadaceae	#226EAF	Bacteroidales	#F05C00	Bacteroidia	#FF00E9	Bacteroidota	#2E1682
12279	f5b0a8e71f4b29e84fc97b0832a9c836	0.0145586447896637	#8A8AE6	d__Bacteria; p__Bacillota_I; c__Bacilli_A; o__Bacillales_D; f__Amphibacillaceae; g__Amphibacillus_B; s__Amphibacillus_B indicireducens	#F74D68	Amphibacillus_B	#978D71	Amphibacillaceae	#FF3B73	Bacillales_D	#FB4070	Bacilli_A	#BB8722	Bacillota_I	#B6860D
12537	fa49e22b7dd50e06c45e8da3e3728508	0.0132579768140419	#8AE68A	d__Bacteria; p__Bacteroidota; c__Bacteroidia; o__Flavobacteriales_B_877923; f__Flavobacteriaceae; g__Gelidibacter; s__	#A1EFDC	Gelidibacter	#1698B6	Flavobacteriaceae	#A01680	Flavobacteriales_B_877923	#912E35	Bacteroidia	#FF00E9	Bacteroidota	#2E1682
12727	fda0746dace4494eb6cfd64b8b7d6036	0	#E68A8A	d__Bacteria; p__Pseudomonadota; c__Gammaproteobacteria; o__Enterobacterales_737866; f__Enterobacteriaceae_A_732334	#F9AA0D	Unknown	#555555	Enterobacteriaceae_A_732334	#0068FE	Enterobacterales_737866	#C000EA	Gammaproteobacteria	#CB72AF	Pseudomonadota	#A916FF
12746	fe1a5dbd7c492bcf737e55789cd01967	0.0098173219915472	#8A8AE6	d__Bacteria; p__Pseudomonadota; c__Alphaproteobacteria; o__Rhizobiales_505101; f__Rhizobiaceae	#C665FC	Unknown	#555555	Rhizobiaceae	#869816	Rhizobiales_505101	#8E885A	Alphaproteobacteria	#980DFE	Pseudomonadota	#A916FF
12785	ff02471877c1a7f53c39d73d375a6617	0.032374899499013	#8A8AE6	d__Bacteria; p__Bacillota_I; c__Bacilli_A; o__Bacillales_D; f__Amphibacillaceae; g__Gracilibacillus	#7E5D72	Gracilibacillus	#887296	Amphibacillaceae	#FF3B73	Bacillales_D	#FB4070	Bacilli_A	#BB8722	Bacillota_I	#B6860D
