name	asv_id	betweenness	color	asv_name	ASV_color	genus_name	genus_color	family_name	family_color	order_name	order_color	class_name	class_color	phylum_name	phylum_color
455	094226930fb6d71f02c7b6124105e94b	0.0309760374050263	#8AE68A	d__Bacteria; p__Actinomycetota; c__Actinomycetes; o__Actinomycetales; f__Actinomycetaceae; g__Scrofimicrobium; s__Scrofimicrobium canadense	#3D3D8C	Bacillus_P_294101	#D100A2	Bacillaceae_H_294103	#F13BBE	Bacillales_B_306089	#CA6575	Bacilli_A	#BB8722	Bacillota_I	#B6860D
493	09f558ae9bced6d66b0039693b77f8af	0	#E68A8A	d__Bacteria; p__Bacillota_I; c__Bacilli_A; o__Erysipelotrichales; f__Coprobacillaceae; g__Thomasclavelia; s__Thomasclavelia ramosa	#795163	Corynebacterium	#264B49	Mycobacteriaceae	#324747	Mycobacteriales	#455C5C	Actinomycetes	#1C4549	Actinomycetota	#0D650D
647	0d4f8c7adeb1a4f9347c6b77a8b3f5f8	0.0201464571801836	#8AE68A	d__Bacteria; p__Pseudomonadota; c__Gammaproteobacteria; o__Burkholderiales; f__Burkholderiaceae_A_595421; g__Comamonas_F_589250	#9C40D6	Blautia_A_142742	#BF3D16	Lachnospiraceae	#9F81CB	Lachnospirales	#907CAF	Clostridia_258483	#A42A2A	Bacillota_A_368345	#980D16
655	0d8cfebb1a306a616fcb0b57b4f283b7	0	#E68A8A	d__Bacteria; p__Actinomycetota; c__Actinomycetes; o__Actinomycetales; f__Microbacteriaceae; g__Leucobacter	#45FF0D	Scrofimicrobium	#A38B7F	Actinomycetaceae	#6E5563	Actinomycetales	#0DA200	Actinomycetes	#1C4549	Actinomycetota	#0D650D
692	0e3c256f733f8976de04a25593cc6bf9	0.00649392817715436	#8AE6E6	d__Bacteria; p__Bacillota_A_368345; c__Clostridia_258483; o__Oscillospirales; f__Oscillospiraceae_88309	#008BFD	Unknown	#555555	Oscillospiraceae_88309	#A122E2	Oscillospirales	#B673E4	Clostridia_258483	#A42A2A	Bacillota_A_368345	#980D16
1353	1b158b8b2922d4fcad5d9cea607cbb7d	0.0309760374050263	#8AE68A	d__Bacteria; p__Actinomycetota; c__Actinomycetes; o__Actinomycetales; f__Brevibacteriaceae; g__Brevibacterium	#FCCE00	Escherichia	#B68576	Enterobacteriaceae_A_725029	#628B91	Enterobacterales_737866	#C000EA	Gammaproteobacteria	#CB72AF	Pseudomonadota	#A916FF
1715	228ae07feb0040900651f7580168bd27	0.00218729503259721	#E68A8A	d__Bacteria; p__Bacillota_I; c__Bacilli_A; o__Lactobacillales; f__Enterococcaceae	#22AF16	Thomasclavelia	#4F266C	Coprobacillaceae	#353869	Erysipelotrichales	#9475FB	Bacilli_A	#BB8722	Bacillota_I	#B6860D
1763	236aa9c31de795e40a417cd58e8f9619	0.00218729503259721	#E68A8A	d__Bacteria; p__Bacteroidota; c__Bacteroidia; o__Flavobacteriales_B_877923; f__Flavobacteriaceae; g__Flavobacterium; s__Myroides aquimaris	#AB1663	Unknown	#555555	Lachnospiraceae	#9F81CB	Lachnospirales	#907CAF	Clostridia_258483	#A42A2A	Bacillota_A_368345	#980D16
1767	238736900471bfe9cdfa1bbdf0cd8151	0.00218729503259721	#E68A8A	d__Bacteria; p__Bacillota_I; c__Bacilli_A; o__Bacillales_A; f__Planococcaceae; g__Sporosarcina	#C4ECC2	Sporosarcina	#6885AA	Planococcaceae	#9455C3	Bacillales_A	#637158	Bacilli_A	#BB8722	Bacillota_I	#B6860D
1854	2568b025d44bcd4a8928c7dde7a6859b	0.118092547753565	#8AE6E6	d__Bacteria; p__Bacillota_A_368345; c__Clostridia_258483; o__Clostridiales; f__Clostridiaceae_222000; g__Clostridium_T	#A10DFD	Savagea	#C47C72	Planococcaceae	#9455C3	Bacillales_A	#637158	Bacilli_A	#BB8722	Bacillota_I	#B6860D
1967	27b4bf43c4374efaf423108a0099e79a	0.000925384765244496	#8AE6E6	d__Bacteria; p__Pseudomonadota; c__Gammaproteobacteria; o__Enterobacterales_737866; f__Enterobacteriaceae_A_732334; g__Proteus	#45B4CA	Halopseudomonas_650606	#606A32	Pseudomonadaceae	#6A727D	Pseudomonadales_A_650611	#6D5F4F	Gammaproteobacteria	#CB72AF	Pseudomonadota	#A916FF
1970	27bbeb5ba76402142c02f75a17004f43	0	#8A8AE6	d__Bacteria; p__Bacillota_A_368345; c__Clostridia_258483; o__Lachnospirales; f__Lachnospiraceae; g__Blautia_A_142742; s__	#32FFB5	Lacrimispora	#AA71C2	Lachnospiraceae	#9F81CB	Lachnospirales	#907CAF	Clostridia_258483	#A42A2A	Bacillota_A_368345	#980D16
2002	2892f46388f6758c561d38afb6f769b7	0.0643372018591189	#8AE68A	d__Bacteria; p__Pseudomonadota; c__Gammaproteobacteria; o__Enterobacterales_737866; f__Enterobacteriaceae_A_732334	#CE9E38	Anaerococcus	#9E0056	Peptoniphilaceae	#512A53	Tissierellales	#6A00A5	Clostridia_258483	#A42A2A	Bacillota_A_368345	#980D16
2067	29f43893cd9d09212893f97e6bb415c3	0.00206785227241101	#8AE6E6	d__Bacteria; p__Bacillota_I; c__Bacilli_A; o__Lactobacillales; f__Lactobacillaceae; g__Companilactobacillus	#E516FF	Desulfovibrio_446353	#357F4B	Desulfovibrionaceae	#62703D	Desulfovibrionales	#4F163B	Desulfovibrionia	#AD8694	Desulfobacterota_G_459543	#CD7562
2401	30554407069b2367b77ee68c1982db14	0.00136372491720242	#8AE6E6	d__Bacteria; p__Bacteroidota; c__Bacteroidia; o__Bacteroidales; f__Dysgonomonadaceae; g__Dysgonomonas; s__Dysgonomonas capnocytophagoides	#94424F	Corynebacterium	#264B49	Mycobacteriaceae	#324747	Mycobacteriales	#455C5C	Actinomycetes	#1C4549	Actinomycetota	#0D650D
2439	3104b6d0a19cead576153e29ab3d5548	0.00218729503259721	#E68A8A	d__Bacteria; p__Bacillota_I; c__Bacilli_A; o__Lactobacillales; f__Lactobacillaceae; g__Weissella	#CEE5FB	Comamonas_F_589250	#6A0047	Burkholderiaceae_A_595421	#B4837E	Burkholderiales	#1C9ABE	Gammaproteobacteria	#CB72AF	Pseudomonadota	#A916FF
2450	313aec37577cdcd2b0ffd21d43eb69ac	0	#E6E68A	d__Bacteria; p__Actinomycetota; c__Actinomycetes; o__Actinomycetales; f__Actinomycetaceae; g__Scrofimicrobium	#941C1C	Scrofimicrobium	#A38B7F	Actinomycetaceae	#6E5563	Actinomycetales	#0DA200	Actinomycetes	#1C4549	Actinomycetota	#0D650D
2765	37a90abf181b684611b3eabfd5dfa715	0.00218729503259721	#E68A8A	d__Bacteria; p__Actinomycetota; c__Actinomycetes; o__Mycobacteriales; f__Mycobacteriaceae; g__Corynebacterium	#0DF5FD	Proteus	#774DCC	Enterobacteriaceae_A_732334	#0068FE	Enterobacterales_737866	#C000EA	Gammaproteobacteria	#CB72AF	Pseudomonadota	#A916FF
2843	392aa3c45e128c7432f91b3de84541f6	0.0965960481498575	#E6E68A	d__Bacteria; p__Pseudomonadota; c__Gammaproteobacteria; o__Burkholderiales; f__Burkholderiaceae_A_595373; g__; s__	#E6E416	Enterocloster	#A184BD	Lachnospiraceae	#9F81CB	Lachnospirales	#907CAF	Clostridia_258483	#A42A2A	Bacillota_A_368345	#980D16
2893	3a6b6eaabaee9f111ba41af0866179ef	0.083116948513936	#E68A8A	d__Bacteria; p__Bacteroidota; c__Bacteroidia; o__Bacteroidales; f__Bacteroidaceae; g__Bacteroides_H_857956	#898C6E	Scrofimicrobium	#A38B7F	Actinomycetaceae	#6E5563	Actinomycetales	#0DA200	Actinomycetes	#1C4549	Actinomycetota	#0D650D
3066	3dc5c997cd195d05fd8427b36f3561a8	0.000649392817715436	#8AE6E6	d__Bacteria; p__Bacillota_I; c__Bacilli_A; o__Bacillales_B_306089; f__Bacillaceae_H_294103; g__Bacillus_P_294101	#FF91AB	Leucobacter	#785C0D	Microbacteriaceae	#82494D	Actinomycetales	#0DA200	Actinomycetes	#1C4549	Actinomycetota	#0D650D
3198	40ed46bcb442ebd432da0a88dae9d3ab	0	#8AE6E6	d__Bacteria; p__Pseudomonadota; c__Gammaproteobacteria; o__Enterobacterales_737866; f__Enterobacteriaceae_A_725029	#683575	Dysgonomonas	#80957D	Dysgonomonadaceae	#226EAF	Bacteroidales	#F05C00	Bacteroidia	#FF00E9	Bacteroidota	#2E1682
3333	43cf372b941ae336b90f610d4073571e	0.022845639327229	#8AE6E6	d__Bacteria; p__Bacteroidota; c__Bacteroidia; o__Bacteroidales; f__Dysgonomonadaceae; g__Dysgonomonas; s__Dysgonomonas massiliensis	#FFB8A6	Brevibacterium	#F43216	Brevibacteriaceae	#A97753	Actinomycetales	#0DA200	Actinomycetes	#1C4549	Actinomycetota	#0D650D
3424	459b8772ba322b27cf074474ad435b3c	0.098318072602117	#E6E68A	d__Bacteria; p__Actinomycetota; c__Actinomycetes; o__Mycobacteriales; f__Mycobacteriaceae; g__Corynebacterium	#0DF5FD	Dysgonomonas	#80957D	Dysgonomonadaceae	#226EAF	Bacteroidales	#F05C00	Bacteroidia	#FF00E9	Bacteroidota	#2E1682
3606	49fc1baff761bf9d357844d43cd138ed	0.00249366842002727	#8AE6E6	d__Bacteria; p__Bacillota_C; c__Negativicutes; o__Acidaminococcales; f__Acidaminococcaceae; g__Phascolarctobacterium_A_40086; s__Phascolarctobacterium_A_40086 faecium	#55848B	Enterococcus_A	#662A77	Enterococcaceae	#1C5316	Lactobacillales	#B7850D	Bacilli_A	#BB8722	Bacillota_I	#B6860D
3826	4e445178e20e89871b6459c52dcde954	0.00691030357204249	#8AE68A	d__Bacteria; p__Bacillota_I; c__Bacilli_A; o__Lactobacillales; f__Lactobacillaceae; g__Lapidilactobacillus; s__Lapidilactobacillus dextrinicus	#421CCA	Corynebacterium	#264B49	Mycobacteriaceae	#324747	Mycobacteriales	#455C5C	Actinomycetes	#1C4549	Actinomycetota	#0D650D
3974	517dbac44c2b9e1022bad7c3cc8d2d27	0.00218729503259721	#E68A8A	d__Bacteria; p__Actinomycetota; c__Actinomycetes; o__Actinomycetales; f__Beutenbergiaceae; g__Miniimonas; s__Miniimonas arenae	#FD00E0	Scrofimicrobium	#A38B7F	Actinomycetaceae	#6E5563	Actinomycetales	#0DA200	Actinomycetes	#1C4549	Actinomycetota	#0D650D
3990	51e441cbdcc80da0656e82293ae160b5	0.0607831677381648	#E6E68A	d__Bacteria; p__Actinomycetota; c__Actinomycetes; o__Mycobacteriales; f__Mycobacteriaceae; g__Corynebacterium; s__Corynebacterium amycolatum_A	#FDD2DD	Bacteroides_H_857956	#970086	Bacteroidaceae	#A48D5F	Bacteroidales	#F05C00	Bacteroidia	#FF00E9	Bacteroidota	#2E1682
4459	5af8937ece058f5722b749045a09ca4a	0.065698571835334	#8AE68A	d__Bacteria; p__Desulfobacterota_G_459543; c__Desulfovibrionia; o__Desulfovibrionales; f__Desulfovibrionaceae; g__Desulfovibrio_446353; s__Desulfovibrio sp900243745	#DF53CF	Corynebacterium	#264B49	Mycobacteriaceae	#324747	Mycobacteriales	#455C5C	Actinomycetes	#1C4549	Actinomycetota	#0D650D
4646	5e8b2b9fdb511d4faaf27bd2866d5160	0.0170558385052833	#E6E68A	d__Bacteria; p__Bacillota_I; c__Bacilli_A; o__Lactobacillales; f__Lactobacillaceae; g__Ligilactobacillus; s__Ligilactobacillus acidipiscis	#8D920D	Ligilactobacillus	#605582	Lactobacillaceae	#FF00F0	Lactobacillales	#B7850D	Bacilli_A	#BB8722	Bacillota_I	#B6860D
4770	60d9d571df5283200177f8d2c764fabf	0.00218729503259721	#E68A8A	d__Bacteria; p__Actinomycetota; c__Actinomycetes; o__Mycobacteriales; f__Mycobacteriaceae; g__Corynebacterium; s__Corynebacterium aurimucosum_F	#F70016	Weissella	#916D7F	Lactobacillaceae	#FF00F0	Lactobacillales	#B7850D	Bacilli_A	#BB8722	Bacillota_I	#B6860D
4786	6112eb975ad2688a76bbbcf1927378bf	0	#8AE68A	d__Bacteria; p__Bacillota_I; c__Bacilli_A; o__Lactobacillales; f__Vagococcaceae	#988BF0	Ochrobactrum_A_499027	#007358	Rhizobiaceae	#869816	Rhizobiales_505101	#8E885A	Alphaproteobacteria	#980DFE	Pseudomonadota	#A916FF
5088	677929eac52be081cdae08a0b9c70eb2	0.175035484678968	#8AE6E6	d__Bacteria; p__Pseudomonadota; c__Alphaproteobacteria; o__Rhizobiales_505101; f__Rhizobiaceae; g__Ochrobactrum_A_499027; s__Ochrobactrum_A_499027 pseudogrignonensis	#2E4BFF	Unknown	#555555	Enterobacteriaceae_A_725029	#628B91	Enterobacterales_737866	#C000EA	Gammaproteobacteria	#CB72AF	Pseudomonadota	#A916FF
5208	69a95a431d86566fd7520a966d10bb17	0.0454412624196377	#8AE6E6	d__Bacteria; p__Actinomycetota; c__Actinomycetes; o__Actinomycetales; f__Actinomycetaceae; g__Scrofimicrobium; s__Scrofimicrobium minihominis	#226500	Unknown	#555555	Peptostreptococcaceae_256921	#7F88E6	Peptostreptococcales	#EF605D	Clostridia_258483	#A42A2A	Bacillota_A_368345	#980D16
5233	6a0bbfe5241c80e0f4e91b06fe4715c7	0.194930074414036	#8AE68A	d__Bacteria; p__Bacillota_A_368345; c__Clostridia_258483; o__Peptostreptococcales; f__Peptostreptococcaceae_256921; g__; s__Eubacterium tenue	#90682E	Clostridium_T	#F74FA4	Clostridiaceae_222000	#D10070	Clostridiales	#604200	Clostridia_258483	#A42A2A	Bacillota_A_368345	#980D16
5585	71533e2e3be8ce16ccaef2d2a31d9f2c	0	#8A8AE6	d__Bacteria; p__Bacteroidota; c__Bacteroidia; o__Bacteroidales; f__Dysgonomonadaceae; g__Dysgonomonas; s__Dysgonomonas alginatilytica	#FE7577	Unknown	#555555	Vagococcaceae	#754D8A	Lactobacillales	#B7850D	Bacilli_A	#BB8722	Bacillota_I	#B6860D
5819	75ab6e2bf81c9bdc826128ec90694035	0.379848431869655	#E68A8A	d__Bacteria; p__Bacillota_I; c__Bacilli_A; o__Lactobacillales; f__Lactobacillaceae; g__Schleiferilactobacillus; s__Schleiferilactobacillus harbinensis	#F75ABB	Shouchella	#BA3287	Bacillaceae_D_361233	#0087AB	Bacillales_H_361473	#B37383	Bacilli_A	#BB8722	Bacillota_I	#B6860D
5942	78056058faedd75d706633c5f55a975f	0.00218729503259721	#E68A8A	d__Bacteria; p__Actinomycetota; c__Actinomycetes; o__Actinomycetales; f__Actinomycetaceae; g__Scrofimicrobium; s__Scrofimicrobium canadense	#3D3D8C	Morganella	#CF00B4	Enterobacteriaceae_A_732334	#0068FE	Enterobacterales_737866	#C000EA	Gammaproteobacteria	#CB72AF	Pseudomonadota	#A916FF
6353	7fe6237b9839dd4cdc6e2e7a76d1b3a9	0.0714786674459381	#8AE6E6	d__Bacteria; p__Pseudomonadota; c__Alphaproteobacteria; o__Rhodobacterales; f__Rhodobacteraceae; g__Paenirhodobacter_493297; s__Paenirhodobacter populi	#1673A0	Globicatella	#0D66D8	Aerococcaceae	#831600	Lactobacillales	#B7850D	Bacilli_A	#BB8722	Bacillota_I	#B6860D
7067	8db9ec3c6c2da03db22d64f72b6f0c7d	0.0793553384728136	#8AE68A	d__Bacteria; p__Bacillota_I; c__Bacilli_A; o__Bacillales_H_361473; f__Bacillaceae_D_361233; g__Shouchella	#F89F5C	Lactiplantibacillus	#2294E3	Lactobacillaceae	#FF00F0	Lactobacillales	#B7850D	Bacilli_A	#BB8722	Bacillota_I	#B6860D
7132	8f1e011bf4bf805a8932aabec50e5f3d	0.00267503455697494	#8AE6E6	d__Bacteria; p__Bacillota_A_368345; c__Clostridia_258483; o__Tissierellales; f__Peptoniphilaceae; g__Anaerococcus; s__Anaerococcus nagyae	#FD7200	Sphingobacterium	#760DFF	Sphingobacteriaceae	#FC00A4	Sphingobacteriales	#FD0032	Bacteroidia	#FF00E9	Bacteroidota	#2E1682
7949	a04d436011ee2577a5701a9ae45d1105	0.000899159286067527	#E68A8A	d__Bacteria; p__Bacillota_A_368345; c__Clostridia_258483; o__Lachnospirales; f__Lachnospiraceae	#FD1698	Lederbergia_A_302195	#F4560D	Bacillaceae_C_302577	#0D9E7D	Bacillales_B_306087	#6A9856	Bacilli_A	#BB8722	Bacillota_I	#B6860D
7977	a0d7da25d08a0eec714a2068c05f244c	0.0623882467298994	#E6E68A	d__Bacteria; p__Pseudomonadota; c__Gammaproteobacteria; o__Enterobacterales_737866; f__Enterobacteriaceae_A_732334; g__Morganella	#35FC7E	Flavobacterium	#FC0D5C	Flavobacteriaceae	#A01680	Flavobacteriales_B_877923	#912E35	Bacteroidia	#FF00E9	Bacteroidota	#2E1682
8153	a475ca84834c16f765bb6d40b064bd7f	0.00218729503259721	#E68A8A	d__Bacteria; p__Bacillota_I; c__Bacilli_A; o__Bacillales_B_306087; f__Bacillaceae_C_302577; g__Lederbergia_A_302195; s__Lederbergia_A_302195 galactosidilytica	#8AC0FC	Turicibacter	#B85694	Turicibacteraceae	#F416D4	MOL361	#4B66D6	Bacilli_A	#BB8722	Bacillota_I	#B6860D
8513	abfbe94f6c3a88bcb2c86b1a15d0011a	0	#E68AE6	d__Bacteria; p__Bacillota_I; c__Bacilli_A; o__Lactobacillales; f__Enterococcaceae	#22AF16	Lapidilactobacillus	#846986	Lactobacillaceae	#FF00F0	Lactobacillales	#B7850D	Bacilli_A	#BB8722	Bacillota_I	#B6860D
8839	b27989b687fe949120707d580a898f40	0.077838292624967	#E68A8A	d__Bacteria; p__Pseudomonadota; c__Gammaproteobacteria; o__Enterobacterales_737866; f__Enterobacteriaceae_A_725029	#683575	Paenirhodobacter_493297	#FB0DD0	Rhodobacteraceae	#7142AF	Rhodobacterales	#0D5DFD	Alphaproteobacteria	#980DFE	Pseudomonadota	#A916FF
9052	b6b886ab58b5bc81f70cc0ea426a66e5	0.0234556047238689	#8AE6E6	d__Bacteria; p__Bacillota_A_368345; c__Clostridia_258483; o__Lachnospirales; f__Lachnospiraceae; g__Lacrimispora	#C7F16D	Miniimonas	#422A60	Beutenbergiaceae	#224532	Actinomycetales	#0DA200	Actinomycetes	#1C4549	Actinomycetota	#0D650D
9286	bb21cf70594b50fff63669b576ca18c1	0.010774818401937	#8AE6E6	d__Bacteria; p__Bacillota_I; c__Bacilli_A; o__Staphylococcales; f__Staphylococcaceae; g__Staphylococcus	#840098	Unknown	#555555	Enterococcaceae	#1C5316	Lactobacillales	#B7850D	Bacilli_A	#BB8722	Bacillota_I	#B6860D
9437	bdfdc0ace831e736f6084d490c965fdd	0.229811383754801	#8AE68A	d__Bacteria; p__Bacillota_I; c__Bacilli_A; o__Lactobacillales; f__Aerococcaceae; g__Globicatella	#FCDFA1	Lacrimispora	#AA71C2	Lachnospiraceae	#9F81CB	Lachnospirales	#907CAF	Clostridia_258483	#A42A2A	Bacillota_A_368345	#980D16
9517	bfe54af4c9180d37a0d76f6dafe79a5a	0	#8AE68A	d__Bacteria; p__Bacillota_A_368345; c__Clostridia_258483; o__Lachnospirales; f__Lachnospiraceae; g__Enterocloster	#9B227D	Unknown	#555555	Enterobacteriaceae_A_725029	#628B91	Enterobacterales_737866	#C000EA	Gammaproteobacteria	#CB72AF	Pseudomonadota	#A916FF
9664	c2cf94c70e49c65b29f5eacf29029831	0.00218729503259721	#E68A8A	d__Bacteria; p__Bacillota_I; c__Bacilli_A; o__Lactobacillales; f__Enterococcaceae; g__Enterococcus_C; s__Enterococcus_C diestrammenae	#CD0D38	Unknown	#555555	Rhizobiaceae	#869816	Rhizobiales_505101	#8E885A	Alphaproteobacteria	#980DFE	Pseudomonadota	#A916FF
9703	c3b153bdcbcbc594c78f50e103ff2b2d	0.175035484678968	#8AE6E6	d__Bacteria; p__Pseudomonadota; c__Gammaproteobacteria; o__Pseudomonadales_A_650611; f__Pseudomonadaceae; g__Halopseudomonas_650606; s__Halopseudomonas formosensis	#FF669D	Schleiferilactobacillus	#E16379	Lactobacillaceae	#FF00F0	Lactobacillales	#B7850D	Bacilli_A	#BB8722	Bacillota_I	#B6860D
10425	d23fbef2f31d48eda40876cdbc49933a	0	#8AE68A	d__Bacteria; p__Pseudomonadota; c__Alphaproteobacteria; o__Rhizobiales_505101; f__Rhizobiaceae	#9FF600	Staphylococcus	#B6778E	Staphylococcaceae	#9D3B91	Staphylococcales	#1C90F6	Bacilli_A	#BB8722	Bacillota_I	#B6860D
10795	d9bca85ad6690f7a943e50deb03b3da1	0.0264043119683096	#8AE6E6	d__Bacteria; p__Bacillota_I; c__Bacilli_A; o__Lactobacillales; f__Enterococcaceae; g__Enterococcus_A	#C7A3DE	Unknown	#555555	Burkholderiaceae_A_595373	#53002A	Burkholderiales	#1C9ABE	Gammaproteobacteria	#CB72AF	Pseudomonadota	#A916FF
11011	ddc522730e2b25acd5021eaa7f43a389	0.0383206701733878	#8AE6E6	d__Bacteria; p__Bacillota_A_368345; c__Clostridia_258483; o__Lachnospirales; f__Lachnospiraceae; g__Lacrimispora	#C7F16D	Dysgonomonas	#80957D	Dysgonomonadaceae	#226EAF	Bacteroidales	#F05C00	Bacteroidia	#FF00E9	Bacteroidota	#2E1682
11276	e2c82b8f287cf06e42982508eb460933	0.000584453535943892	#8A8AE6	d__Bacteria; p__Bacillota_I; c__Bacilli_A; o__Lactobacillales; f__Lactobacillaceae; g__Lactiplantibacillus	#00B294	Companilactobacillus	#CA16BE	Lactobacillaceae	#FF00F0	Lactobacillales	#B7850D	Bacilli_A	#BB8722	Bacillota_I	#B6860D
11390	e5413f67faa6b8c0c3e63e48836c0b42	0	#E6E68A	d__Bacteria; p__Pseudomonadota; c__Gammaproteobacteria; o__Enterobacterales_737866; f__Enterobacteriaceae_A_729055	#9AEEE6	Phascolarctobacterium_A_40086	#8E1C8D	Acidaminococcaceae	#B670EF	Acidaminococcales	#802240	Negativicutes	#9D4F1C	Bacillota_C	#4900CE
11964	efb8602f3d0765aaf09b975799823da9	0	#E6E68A	d__Bacteria; p__Bacillota_I; c__Bacilli_A; o__MOL361; f__Turicibacteraceae; g__Turicibacter	#FD9DE0	Unknown	#555555	Enterobacteriaceae_A_729055	#1C69DC	Enterobacterales_737866	#C000EA	Gammaproteobacteria	#CB72AF	Pseudomonadota	#A916FF
12223	f4cbea5b7ea9a9cb9e6b0c09f005aa46	0	#E6E68A	d__Bacteria; p__Bacteroidota; c__Bacteroidia; o__Sphingobacteriales; f__Sphingobacteriaceae; g__Sphingobacterium	#65BA72	Enterococcus_C	#267C26	Enterococcaceae	#1C5316	Lactobacillales	#B7850D	Bacilli_A	#BB8722	Bacillota_I	#B6860D
12727	fda0746dace4494eb6cfd64b8b7d6036	0	#E68AE6	d__Bacteria; p__Bacillota_I; c__Bacilli_A; o__Bacillales_A; f__Planococcaceae; g__Savagea; s__Savagea sp009740415	#E389FF	Unknown	#555555	Enterobacteriaceae_A_732334	#0068FE	Enterobacterales_737866	#C000EA	Gammaproteobacteria	#CB72AF	Pseudomonadota	#A916FF
